{
  "beepe": {
    "encode (5458199 chars)": [
      {
        "time_ms": 4375.283742769753,
        "tokens_per_ms": 1242.7861413526953
      }
    ],
    "decode (5437542 tokens)": [
      {
        "time_ms": 84.10141907977959
      }
    ]
  },
  "tiktoken": {
    "encode (5458199 chars)": [
      {
        "time_ms": 426.26738617003866,
        "tokens_per_ms": 3459.833071563431
      }
    ],
    "decode (1474814 tokens)": [
      {
        "time_ms": 32.95308106982702
      }
    ]
  }
}